{
  "split": "Test",
  "accuracy": 73.28888888888889,
  "precision_macro": 47.10290663304244,
  "recall_macro": 41.74005068619344,
  "f1_macro": 42.629760362026545,
  "cohen_kappa": 0.1394008358742408,
  "per_class": {
    "precision": [
      50.85910652920962,
      77.94961336991769,
      12.5
    ],
    "recall": [
      29.482071713147413,
      91.4277355178467,
      4.310344827586207
    ],
    "f1": [
      37.3266078184111,
      84.15241685741215,
      6.41025641025641
    ],
    "support": [
      502,
      3418,
      580
    ]
  },
  "confusion_matrix": [
    [
      148,
      338,
      16
    ],
    [
      134,
      3125,
      159
    ],
    [
      9,
      546,
      25
    ]
  ],
  "model_path": "results/models/best_model.pth",
  "config": {
    "use_tcn": true,
    "use_attention": false,
    "hidden_dim": 128,
    "num_channels": 64
  }
}