{
  "split": "Test",
  "accuracy": 61.55555555555555,
  "precision_macro": 42.29613306097929,
  "recall_macro": 51.44509845580987,
  "f1_macro": 44.36439054137411,
  "cohen_kappa": 0.18387757220088885,
  "per_class": {
    "precision": [
      37.57225433526011,
      80.85327783558793,
      8.46286701208981
    ],
    "recall": [
      77.68924302788844,
      68.1977764774722,
      8.448275862068966
    ],
    "f1": [
      50.649350649350644,
      73.98825583240756,
      8.455565142364108
    ],
    "support": [
      502,
      3418,
      580
    ]
  },
  "confusion_matrix": [
    [
      390,
      93,
      19
    ],
    [
      576,
      2331,
      511
    ],
    [
      72,
      459,
      49
    ]
  ],
  "model_path": "results/models/best_model.pth",
  "config": {
    "use_tcn": false,
    "use_attention": false,
    "hidden_dim": 128,
    "num_channels": 64
  }
}