{
  "train_losses": [
    1.0434936789365916,
    1.0269824358133168,
    0.9683801990288955,
    0.9408404643719013,
    0.915001956316141,
    0.9145305890303391,
    0.8882286319365869,
    0.8877879106081449,
    0.8239385944146377,
    0.8380789252427908,
    0.8018578474338238,
    0.7696837828709528,
    0.7358632592054514,
    0.7027292755933908,
    0.6732372962511503,
    0.6547831709568317
  ],
  "val_losses": [
    1.0634498596191406,
    1.0718652407328289,
    1.0259674588839214,
    1.0195212562878926,
    1.1423724095026653,
    0.9302801489830017,
    1.349260946114858,
    1.0380291938781738,
    1.363471547762553,
    1.053218146165212,
    1.143048882484436,
    1.1584869225819905,
    1.2650523980458577,
    1.3839267094930012,
    1.6793030500411987,
    1.76225479443868
  ],
  "val_accuracies": [
    65.26881720430107,
    66.50537634408602,
    23.602150537634408,
    42.473118279569896,
    54.946236559139784,
    24.247311827956988,
    57.956989247311824,
    49.67741935483871,
    61.075268817204304,
    61.18279569892473,
    59.354838709677416,
    59.73118279569893,
    58.87096774193548,
    64.40860215053763,
    63.655913978494624,
    58.763440860215056
  ],
  "best_val_loss": 0.9302801489830017
}