{
  "train_losses": [
    1.0440974831581116,
    0.9601772427558899,
    0.9024681586485642,
    0.8760823332346402,
    0.8983065715202918,
    0.8498275738496047,
    0.8045043716063867,
    0.7737340055979215,
    0.8310601986371554,
    0.8053831733190097,
    0.7605200226490314,
    0.6964713014089144,
    0.6563714696810796,
    0.6591211351064535,
    0.6628813789441035
  ],
  "val_losses": [
    1.068286657333374,
    1.0766791105270386,
    1.111562450726827,
    1.070602258046468,
    0.9618891874949137,
    1.033490777015686,
    1.1247443556785583,
    1.2700221935908,
    1.1449262301127117,
    1.0895508925120037,
    1.1778648296991985,
    1.2719204028447468,
    1.3456746339797974,
    1.334265112876892,
    1.441696325937907
  ],
  "val_accuracies": [
    65.0,
    64.56989247311827,
    55.16129032258065,
    61.12903225806452,
    57.795698924731184,
    62.1505376344086,
    55.10752688172043,
    60.69892473118279,
    40.86021505376344,
    60.43010752688172,
    58.87096774193548,
    60.215053763440864,
    60.10752688172043,
    57.365591397849464,
    56.935483870967744
  ],
  "best_val_loss": 0.9618891874949137
}