{
  "train_losses": [
    1.077772617340088,
    1.0424438979890611,
    0.996710373295678,
    0.8968848122490777,
    0.8757401174969144,
    0.8679922554228041,
    0.8256034917301602,
    0.855537560251024,
    0.7890603078736199,
    0.8630479441748725,
    0.8184482720163133,
    0.712775448958079,
    0.7083316445350647,
    0.6526534954706827,
    0.7694103949599795,
    0.7373181581497192
  ],
  "val_losses": [
    1.0802688201268513,
    1.0763757228851318,
    0.967982550462087,
    1.0904958645502727,
    0.9604172706604004,
    0.9429030219713846,
    0.961148997147878,
    1.0847318172454834,
    1.097364644209544,
    1.094377835591634,
    1.0721829533576965,
    1.2636950413386028,
    1.0975490808486938,
    1.2216246128082275,
    1.7681710720062256,
    1.1117487748463948
  ],
  "val_accuracies": [
    73.83561643835617,
    18.767123287671232,
    22.26027397260274,
    22.80821917808219,
    35.54794520547945,
    42.602739726027394,
    29.52054794520548,
    36.43835616438356,
    30.684931506849313,
    46.02739726027397,
    43.6986301369863,
    37.397260273972606,
    42.73972602739726,
    42.32876712328767,
    54.178082191780824,
    42.67123287671233
  ],
  "best_val_loss": 0.9429030219713846
}