{
  "split": "Test",
  "accuracy": 53.955555555555556,
  "precision_macro": 47.89410593010573,
  "recall_macro": 54.64173424071047,
  "f1_macro": 47.43696949825464,
  "cohen_kappa": 0.18717387574744426,
  "per_class": {
    "precision": [
      45.320197044334975,
      84.15300546448088,
      14.209115281501342
    ],
    "recall": [
      73.30677290836654,
      54.06670567583382,
      36.55172413793103
    ],
    "f1": [
      56.01217656012176,
      65.83541147132169,
      20.463320463320464
    ],
    "support": [
      502,
      3418,
      580
    ]
  },
  "confusion_matrix": [
    [
      368,
      50,
      84
    ],
    [
      374,
      1848,
      1196
    ],
    [
      70,
      298,
      212
    ]
  ],
  "model_path": "results/models/best_model.pth",
  "config": {
    "use_tcn": false,
    "use_attention": true,
    "hidden_dim": 128,
    "num_channels": 64
  }
}