{
  "split": "Validation",
  "accuracy": 57.795698924731184,
  "precision_macro": 41.996353311997744,
  "recall_macro": 41.45179757461697,
  "f1_macro": 39.43622692673741,
  "cohen_kappa": 0.08036435232481831,
  "per_class": {
    "precision": [
      22.267206477732792,
      66.36553161917999,
      37.35632183908046
    ],
    "recall": [
      31.976744186046513,
      78.66556836902801,
      13.71308016877637
    ],
    "f1": [
      26.25298329355609,
      71.99396909159442,
      20.061728395061728
    ],
    "support": [
      172,
      1214,
      474
    ]
  },
  "confusion_matrix": [
    [
      55,
      115,
      2
    ],
    [
      152,
      955,
      107
    ],
    [
      40,
      369,
      65
    ]
  ],
  "model_path": "results/models/best_model.pth",
  "config": {
    "use_tcn": false,
    "use_attention": false,
    "hidden_dim": 128,
    "num_channels": 64
  }
}