{
  "split": "Test",
  "accuracy": 67.24444444444444,
  "precision_macro": 44.98659213271694,
  "recall_macro": 50.319233815797794,
  "f1_macro": 46.865481085407005,
  "cohen_kappa": 0.21637482447292256,
  "per_class": {
    "precision": [
      42.18134034165571,
      81.4382298709281,
      11.34020618556701
    ],
    "recall": [
      63.94422310756972,
      77.530719719134,
      9.482758620689655
    ],
    "f1": [
      50.83135391923991,
      79.43645083932853,
      10.328638497652582
    ],
    "support": [
      502,
      3418,
      580
    ]
  },
  "confusion_matrix": [
    [
      321,
      153,
      28
    ],
    [
      366,
      2650,
      402
    ],
    [
      74,
      451,
      55
    ]
  ],
  "model_path": "results/models/best_model.pth",
  "config": {
    "use_tcn": true,
    "use_attention": true,
    "hidden_dim": 128,
    "num_channels": 64
  }
}